TimeSeries ID,tex-chart-0-0-0
result,ALLOW
result,ALLOW
Sun Oct 04 2026 09:00:00 GMT+0700 (Indochina Time),29.000600010000166
Sun Oct 04 2026 10:00:00 GMT+0700 (Indochina Time),27
Sun Oct 04 2026 11:00:00 GMT+0700 (Indochina Time),28.999399989999834
Sun Oct 04 2026 12:00:00 GMT+0700 (Indochina Time),30.000600010000166
Sun Oct 04 2026 13:00:00 GMT+0700 (Indochina Time),28
Sun Oct 04 2026 14:00:00 GMT+0700 (Indochina Time),31
Sun Oct 04 2026 15:00:00 GMT+0700 (Indochina Time),36.99939998999983
Sun Oct 04 2026 16:00:00 GMT+0700 (Indochina Time),28.000600010000166
Sun Oct 04 2026 17:00:00 GMT+0700 (Indochina Time),304.9993999899998
Sun Oct 04 2026 18:00:00 GMT+0700 (Indochina Time),32
Sun Oct 04 2026 19:00:00 GMT+0700 (Indochina Time),28.000600010000166
Sun Oct 04 2026 20:00:00 GMT+0700 (Indochina Time),28
Sun Oct 04 2026 21:00:00 GMT+0700 (Indochina Time),570.0018000300005
Sun Oct 04 2026 22:00:00 GMT+0700 (Indochina Time),617.0258004300072
Sun Oct 04 2026 23:00:00 GMT+0700 (Indochina Time),446.97419956999283
Mon Oct 05 2026 00:00:00 GMT+0700 (Indochina Time),293.9975999599993
Mon Oct 05 2026 01:00:00 GMT+0700 (Indochina Time),32
Mon Oct 05 2026 02:00:00 GMT+0700 (Indochina Time),29
Mon Oct 05 2026 03:00:00 GMT+0700 (Indochina Time),32
Mon Oct 05 2026 04:00:00 GMT+0700 (Indochina Time),28
Mon Oct 05 2026 05:00:00 GMT+0700 (Indochina Time),30.000600010000166
Mon Oct 05 2026 06:00:00 GMT+0700 (Indochina Time),33.99939998999983
Mon Oct 05 2026 07:00:00 GMT+0700 (Indochina Time),239
Mon Oct 05 2026 08:00:00 GMT+0700 (Indochina Time),26.001200020000333
Mon Oct 05 2026 09:00:00 GMT+0700 (Indochina Time),227.00240004000065
Mon Oct 05 2026 10:00:00 GMT+0700 (Indochina Time),929.0120002000033
Mon Oct 05 2026 11:00:00 GMT+0700 (Indochina Time),717.9915998599977
Mon Oct 05 2026 12:00:00 GMT+0700 (Indochina Time),829.9987999799997
Mon Oct 05 2026 13:00:00 GMT+0700 (Indochina Time),724.9969999499992
Mon Oct 05 2026 14:00:00 GMT+0700 (Indochina Time),756.0012000200004
Mon Oct 05 2026 15:00:00 GMT+0700 (Indochina Time),482.9993999899998
Mon Oct 05 2026 16:00:00 GMT+0700 (Indochina Time),1432.0024000400008
Mon Oct 05 2026 17:00:00 GMT+0700 (Indochina Time),1002.9975999599993
Mon Oct 05 2026 18:00:00 GMT+0700 (Indochina Time),850.9987999799996
Mon Oct 05 2026 19:00:00 GMT+0700 (Indochina Time),359
Mon Oct 05 2026 20:00:00 GMT+0700 (Indochina Time),345.99879997999966
Mon Oct 05 2026 21:00:00 GMT+0700 (Indochina Time),368.0006000100002
Mon Oct 05 2026 22:00:00 GMT+0700 (Indochina Time),1221.018000300005
Mon Oct 05 2026 23:00:00 GMT+0700 (Indochina Time),918.9813996899948
Tue Oct 06 2026 00:00:00 GMT+0700 (Indochina Time),647.0006000100002
Tue Oct 06 2026 01:00:00 GMT+0700 (Indochina Time),403.0018000300005
Tue Oct 06 2026 02:00:00 GMT+0700 (Indochina Time),351
Tue Oct 06 2026 03:00:00 GMT+0700 (Indochina Time),347.9981999699995
Tue Oct 06 2026 04:00:00 GMT+0700 (Indochina Time),347
Tue Oct 06 2026 05:00:00 GMT+0700 (Indochina Time),346.99879997999966
Tue Oct 06 2026 06:00:00 GMT+0700 (Indochina Time),369.0006000100002
Tue Oct 06 2026 07:00:00 GMT+0700 (Indochina Time),352.00120002000034
Tue Oct 06 2026 08:00:00 GMT+0700 (Indochina Time),378.9993999899998
Tue Oct 06 2026 09:00:00 GMT+0700 (Indochina Time),353.0006000100002
Tue Oct 06 2026 10:00:00 GMT+0700 (Indochina Time),1051.0060001000015
Tue Oct 06 2026 11:00:00 GMT+0700 (Indochina Time),2054.0018000300006
Tue Oct 06 2026 12:00:00 GMT+0700 (Indochina Time),1085.9933998899983
Tue Oct 06 2026 13:00:00 GMT+0700 (Indochina Time),392.99879997999966
Tue Oct 06 2026 14:00:00 GMT+0700 (Indochina Time),490.00120002000034
Tue Oct 06 2026 15:00:00 GMT+0700 (Indochina Time),1021.0870014500241
Tue Oct 06 2026 16:00:00 GMT+0700 (Indochina Time),1268.9117985299754
Tue Oct 06 2026 17:00:00 GMT+0700 (Indochina Time),950
Tue Oct 06 2026 18:00:00 GMT+0700 (Indochina Time),1004.0384006400107
Tue Oct 06 2026 19:00:00 GMT+0700 (Indochina Time),2270.989199819997
Tue Oct 06 2026 20:00:00 GMT+0700 (Indochina Time),2431.971799529992
Tue Oct 06 2026 21:00:00 GMT+0700 (Indochina Time),1541.0132002200035
Tue Oct 06 2026 22:00:00 GMT+0700 (Indochina Time),2973.0162002700044
Tue Oct 06 2026 23:00:00 GMT+0700 (Indochina Time),2763.9729995499924
Wed Oct 07 2026 00:00:00 GMT+0700 (Indochina Time),1037.0036000600012
Wed Oct 07 2026 01:00:00 GMT+0700 (Indochina Time),2745.065401090018
Wed Oct 07 2026 02:00:00 GMT+0700 (Indochina Time),2220.9519991999864
Wed Oct 07 2026 03:00:00 GMT+0700 (Indochina Time),1367.003000050001
Wed Oct 07 2026 04:00:00 GMT+0700 (Indochina Time),1999.0258004300072
Wed Oct 07 2026 05:00:00 GMT+0700 (Indochina Time),1264.9549992499874
Wed Oct 07 2026 06:00:00 GMT+0700 (Indochina Time),1418.9993999899998
Wed Oct 07 2026 07:00:00 GMT+0700 (Indochina Time),2656.992799879998
Wed Oct 07 2026 08:00:00 GMT+0700 (Indochina Time),1207.010200170003
Wed Oct 07 2026 09:00:00 GMT+0700 (Indochina Time),2022.0246004100068
Wed Oct 07 2026 10:00:00 GMT+0700 (Indochina Time),2136.966999449991
Wed Oct 07 2026 11:00:00 GMT+0700 (Indochina Time),1423.0024000400008
Wed Oct 07 2026 12:00:00 GMT+0700 (Indochina Time),1353.9987999799996
Wed Oct 07 2026 13:00:00 GMT+0700 (Indochina Time),2007.0414006900114
Wed Oct 07 2026 14:00:00 GMT+0700 (Indochina Time),3066.982599709995
Wed Oct 07 2026 15:00:00 GMT+0700 (Indochina Time),2503.9951999199984
Wed Oct 07 2026 16:00:00 GMT+0700 (Indochina Time),2695.9837997299956
Wed Oct 07 2026 17:00:00 GMT+0700 (Indochina Time),2537.028200470008
Wed Oct 07 2026 18:00:00 GMT+0700 (Indochina Time),3528.974199569993
Wed Oct 07 2026 19:00:00 GMT+0700 (Indochina Time),1695.0072001200022
Wed Oct 07 2026 20:00:00 GMT+0700 (Indochina Time),2051.028200470008
Wed Oct 07 2026 21:00:00 GMT+0700 (Indochina Time),860.956799279988
Wed Oct 07 2026 22:00:00 GMT+0700 (Indochina Time),2167.0312005200085
Wed Oct 07 2026 23:00:00 GMT+0700 (Indochina Time),2356.982599709995
Thu Oct 08 2026 00:00:00 GMT+0700 (Indochina Time),2512.99939999
Thu Oct 08 2026 01:00:00 GMT+0700 (Indochina Time),2036.9921998699979
Thu Oct 08 2026 02:00:00 GMT+0700 (Indochina Time),2223.028200470008
Thu Oct 08 2026 03:00:00 GMT+0700 (Indochina Time),1205.003600060001
Thu Oct 08 2026 04:00:00 GMT+0700 (Indochina Time),2816.982599709995
Thu Oct 08 2026 05:00:00 GMT+0700 (Indochina Time),2596.9813996899948
Thu Oct 08 2026 06:00:00 GMT+0700 (Indochina Time),286.9981999699995
Thu Oct 08 2026 07:00:00 GMT+0700 (Indochina Time),927.0264004400074
Thu Oct 08 2026 08:00:00 GMT+0700 (Indochina Time),2964.0018000300006
Thu Oct 08 2026 09:00:00 GMT+0700 (Indochina Time),1979.0054000900016
Thu Oct 08 2026 10:00:00 GMT+0700 (Indochina Time),2434.968799479991
Thu Oct 08 2026 11:00:00 GMT+0700 (Indochina Time),2116.033000550009
Thu Oct 08 2026 12:00:00 GMT+0700 (Indochina Time),2582.9687994799915
Thu Oct 08 2026 13:00:00 GMT+0700 (Indochina Time),2643.997599959999
Thu Oct 08 2026 14:00:00 GMT+0700 (Indochina Time),2835.002400040001
Thu Oct 08 2026 15:00:00 GMT+0700 (Indochina Time),1571.0162002700047
Thu Oct 08 2026 16:00:00 GMT+0700 (Indochina Time),2532.996399939999
Thu Oct 08 2026 17:00:00 GMT+0700 (Indochina Time),2169.984399739996
Thu Oct 08 2026 18:00:00 GMT+0700 (Indochina Time),618
Thu Oct 08 2026 19:00:00 GMT+0700 (Indochina Time),2115.0012000200004
Thu Oct 08 2026 20:00:00 GMT+0700 (Indochina Time),1710.9993999899998
Thu Oct 08 2026 21:00:00 GMT+0700 (Indochina Time),3128.057000950016
Thu Oct 08 2026 22:00:00 GMT+0700 (Indochina Time),1563.945999099985
Thu Oct 08 2026 23:00:00 GMT+0700 (Indochina Time),2038.9993999899998
Fri Oct 09 2026 00:00:00 GMT+0700 (Indochina Time),563.0006000100002
Fri Oct 09 2026 01:00:00 GMT+0700 (Indochina Time),583
Fri Oct 09 2026 02:00:00 GMT+0700 (Indochina Time),611.0246004100068
Fri Oct 09 2026 03:00:00 GMT+0700 (Indochina Time),607.974799579993
Fri Oct 09 2026 04:00:00 GMT+0700 (Indochina Time),559
Fri Oct 09 2026 05:00:00 GMT+0700 (Indochina Time),577.9987999799997
Fri Oct 09 2026 06:00:00 GMT+0700 (Indochina Time),571.0024000400007
Fri Oct 09 2026 07:00:00 GMT+0700 (Indochina Time),575.9957999299988
Fri Oct 09 2026 08:00:00 GMT+0700 (Indochina Time),573.003600060001
Fri Oct 09 2026 09:00:00 GMT+0700 (Indochina Time),559
Fri Oct 09 2026 10:00:00 GMT+0700 (Indochina Time),525.0090001500025
Fri Oct 09 2026 11:00:00 GMT+0700 (Indochina Time),49.984999749995836