productId,SKU,productName,supplierId,currentUnit,proposedUnit,baseUnit,conversionFactor,validationStatus
VGT-02-01-001,VGT-02-01-001,KASHMIRI SAFFRON (LES FARMIERS),,,,,,MISSING_UNIT
VGT-02-01-002,VGT-02-01-002,FIG LEAVES (YCUBE SOLUTIONS),,,,,,MISSING_UNIT
VGT-02-01-003,VGT-02-01-003,THYME (YCUBE SOLUTIONS),,,,,,MISSING_UNIT
VGT-02-01-004,VGT-02-01-004,ROSEMARY (YCUBE SOLUTIONS),,,,,,MISSING_UNIT
VGT-02-01-005,VGT-02-01-005,CHIVE ROUND LEAF (YCUBE SOLUTIONS),,,,,,MISSING_UNIT
VGT-02-01-006,VGT-02-01-006,BAY LEAVES (FARANG FOOD),,,,,,MISSING_UNIT
VGT-02-02-001,VGT-02-02-001,ONION (DELISH FOOD),,,,,,MISSING_UNIT
VGT-02-02-002,VGT-02-02-002,ONION YELLOW DRY (YCUBE SOLUTIONS),,,,,,MISSING_UNIT
VGT-02-02-003,VGT-02-02-003,ONION YELLOW PEARL (YCUBE SOLUTIONS),,,,,,MISSING_UNIT
VGT-02-02-004,VGT-02-02-004,ONION RED DRY (YCUBE SOLUTIONS),,,,,,MISSING_UNIT
VGT-02-02-005,VGT-02-02-005,ROSCOFF ONION AOP (YCUBE SOLUTIONS),,,,,,MISSING_UNIT
VGT-02-02-006,VGT-02-02-006,ONION WHITE DRY 60/80  (YCUBE SOLUTIONS),,,,,,MISSING_UNIT
VGT-02-02-007,VGT-02-02-007,SHALLOT ECHALION/BANANA (YCUBE SOLUTIONS),,,,,,MISSING_UNIT
VGT-02-02-008,VGT-02-02-008,ONION WHITE (SRIMUMMANG),,,,,,MISSING_UNIT
VGT-02-03-001,VGT-02-03-001,CARROT (DELISH FOOD),,,,,,MISSING_UNIT
VGT-02-03-002,VGT-02-03-002,CARROT (SRIMUMMANG),,,,,,MISSING_UNIT
VGT-02-04-001,VGT-02-04-001,CELERY (DELISH FOOD),,,,,,MISSING_UNIT
VGT-02-04-002,VGT-02-04-002,CELERY (SRIMUMMANG),,,,,,MISSING_UNIT
VGT-02-05-001,VGT-02-05-001,TOMATO BEEF (DELISH FOOD),,,,,,MISSING_UNIT
VGT-02-05-002,VGT-02-05-002,TOMATO BEEF (SRIMUMMANG),,,,,,MISSING_UNIT
VGT-02-06-001,VGT-02-06-001,LEMON (DELISH FOOD),,,,,,MISSING_UNIT
VGT-02-06-002,VGT-02-06-002,LEMON (SRIMUMMANG),,,,,,MISSING_UNIT
VGT-02-06-003,VGT-02-06-003,LEMON YELLOW (NATURE FIRST),,,,,,MISSING_UNIT
VGT-02-07-001,VGT-02-07-001,POTATO (DELISH FOOD),,,,,,MISSING_UNIT
VGT-02-07-002,VGT-02-07-002,POTATO (SRIMUMMANG),,,,,,MISSING_UNIT
VGT-02-07-003,VGT-02-07-003,POTATO BRINE (LES FARMIERS),,,,,,MISSING_UNIT
VGT-02-07-004,VGT-02-07-004,POTATO AGRIA (LES FARMIERS),,,,,,MISSING_UNIT
VGT-02-07-005,VGT-02-07-005,POTATO RUSSET 110s (NATURE FIRST),,,,,,MISSING_UNIT
VGT-02-08-001,VGT-02-08-001,RADISH BLACK LONG (LES FARMIERS),,,,,,MISSING_UNIT
VGT-02-08-002,VGT-02-08-002,RADISH GREEN MEAT (LES FARMIERS),,,,,,MISSING_UNIT
VGT-02-08-003,VGT-02-08-003,RADISH WATERMELON (LES FARMIERS),,,,,,MISSING_UNIT
VGT-02-09-001,VGT-02-09-001,BEETROOT RED (LES FARMIERS),,,,,,MISSING_UNIT
VGT-02-10-001,VGT-02-10-001,SALSIFY (LES FARMIERS),,,,,,MISSING_UNIT
VGT-02-11-001,VGT-02-11-001,GRALIC  (SRIMUMMANG),,,,,,MISSING_UNIT
VGT-02-11-002,VGT-02-11-002,GRALIC  PEEL (SRIMUMMANG),,,,,,MISSING_UNIT
VGT-02-12-001,VGT-02-12-001,EGGPLANT (SRIMUMMANG),,,,,,MISSING_UNIT
VGT-02-13-001,VGT-02-13-001,SAGE  (YCUBE SOLUTIONS),,,,,,MISSING_UNIT
VGT-02-14-001,VGT-02-14-001,BASIL BIG (YCUBE SOLUTIONS),,,,,,MISSING_UNIT
VGT-02-14-002,VGT-02-14-002,BASIL  (SRIMUMMANG),,,,,,MISSING_UNIT
VGT-02-15-001,VGT-02-15-001,APPLE GALA (MK),,,,,,MISSING_UNIT
VGT-02-17-001,VGT-02-17-001,FROZEN BLACK TRUFFLE WINTER (TRUFFL EAT),,,,,,MISSING_UNIT
VGT-02-18-001,VGT-02-18-001,CAPSICUM GREEN (SRIMUMMANG),,,,,,MISSING_UNIT
VGT-02-18-002,VGT-02-18-002,CAPSICUM RED (SRIMUMMANG),,,,,,MISSING_UNIT
VGT-02-18-003,VGT-02-18-003,CAPSICUM YELLOW (SRIMUMMANG),,,,,,MISSING_UNIT
VGT-02-19-001,VGT-02-19-001,SPINACH FOGLIA 2.5KG/BAG (PREMIUM FOOD),,,,,,MISSING_UNIT
VGT-02-20-001,VGT-02-20-001,VEGETABLE-(OTHER),,,,,,MISSING_UNIT
MES-02-01-001,MES-02-01-001,CABONNE COUNTRY BEEF CHEEK  (PREMIUM FOOD),,,,,,MISSING_UNIT
MES-02-01-003,MES-02-01-003,VEAL FRENCH RACKS FROZEN  (PREMIUM FOOD),,,,,,MISSING_UNIT
MES-02-01-004,MES-02-01-004,VEAL FRENCH RACKS DTM 6 RIBS (LES FARMIERS),,,,,,MISSING_UNIT
MES-02-01-005,MES-02-01-005,AU FZ A CUBE ROLL (SIAM FOOD),,,,,,MISSING_UNIT
MES-02-01-006,MES-02-01-006,AU FZ A CHEEK MEAT BP TEYS (SIAM FOOD),,,,,,MISSING_UNIT
MES-02-01-007,MES-02-01-007,OAK A GRASSFED NAVEL END BRISKET (FOOD PROJECT),,,,,,MISSING_UNIT
MES-02-01-008,MES-02-01-008,AU FZ GF TRIMMING 50CL RANGERS (SIAMFOOD),,,,,,MISSING_UNIT
MES-02-01-009,MES-02-01-009,CHUCK EYE ROLL (OMNI INTERNATIONAL),,,,,,MISSING_UNIT
MES-02-01-010,MES-02-01-010,ANGUS CHUCK ROLL MB 1/3 (WORLD OF FOOD),,,,,,MISSING_UNIT
MES-02-01-011,MES-02-01-011,WAGYU RIBEYE 4/5 (OMNI INTERNATIONAL),,,,,,MISSING_UNIT
MES-02-01-012,MES-02-01-012,TENDERLOIN SIDE STRAP(OMNI INTERNATIONAL),,,,,,MISSING_UNIT
MES-02-01-013,MES-02-01-013,WAGYU CHUCK EYE ROLL 4/5  (OMNI INTERNATIONAL),,,,,,MISSING_UNIT
MES-02-01-014,MES-02-01-014,FZ AUS EBONY CHOICE GRAIN FED AUGUS (JAGOTA),,,,,,MISSING_UNIT
MES-02-01-015,MES-02-01-015,FZ AUS EBONY CHOICE GRAIN FED AUGUS BRISKET (JAGOTA),,,,,,MISSING_UNIT
MES-02-01-016,MES-02-01-016,BLACK OPAL WAGYU STRIPLOIN MB4/5 (CTI FOOD),,,,,,MISSING_UNIT
MES-02-01-017,MES-02-01-017,BLACK OPAL WAGYU  MB4/5 (CTI FOOD),,,,,,MISSING_UNIT
MES-02-01-018,MES-02-01-018,AUS.WAGYU TRIMMING 65CL.(CTI FOOD),,,,,,MISSING_UNIT
MES-02-01-019,MES-02-01-019,TEYS BLACK GRAINFED 150D CHUCK ROLL.(CTI FOOD),,,,,,MISSING_UNIT
MES-02-01-020,MES-02-01-020,AUS WAGYU BEEF MB4-5 FLANK STEAK (JAGOTA),,,,,,MISSING_UNIT
MES-02-01-021,MES-02-01-021,BRISKET PREMIUM เสือร้องไห้ (B.C.BEEF),,,,,,MISSING_UNIT
MES-02-01-022,MES-02-01-022,OYSTER BLADE PREMIUM ใบพาย (B.C.BEEF),,,,,,MISSING_UNIT
MES-02-01-023,MES-02-01-023,RIB FINGER PREMIUM ร่องซี่โครง  (B.C.BEEF),,,,,,MISSING_UNIT
MES-02-02-001,MES-02-02-001,TURKEY HAM BLOCK  (LES FARMIERS),,,,,,MISSING_UNIT
MES-02-03-001,MES-02-03-001,FRESH MEDITERRANEAN SEABASS (THAMMACHART),,,,,,MISSING_UNIT
MES-02-03-002,MES-02-03-002,FRESH SPANISH BRONZINI SEABASS (THAMMACHART),,,,,,MISSING_UNIT
MES-02-03-003,MES-02-03-003,FARMED SEABASS450/600 (LES FARMIERS),,,,,,MISSING_UNIT
MES-02-03-004,MES-02-03-004,FRESH SALMON NONVEGIAN (JAGOTA),,,,,,MISSING_UNIT
MES-02-03-005,MES-02-03-005,SALMON ROE (FOOD WAY),,,,,,MISSING_UNIT
MES-02-04-001,MES-02-04-001,BONE SOUP  (B.C.BEEF),,,,,,MISSING_UNIT
MES-02-04-002,MES-02-04-002,SCRAP MEAT  (B.C.BEEF),,,,,,MISSING_UNIT
MES-02-04-003,MES-02-04-003,CHICKEN BONES (FLYING BOARD),,,,,,MISSING_UNIT
MES-02-04-004,MES-02-04-004,MINCE BEEF 20 FAT (B.C.BEEF),,,,,,MISSING_UNIT
MES-02-04-005,MES-02-04-005,BEEF CHEEK  (B.C.BEEF),,,,,,MISSING_UNIT
MES-02-04-006,MES-02-04-006,CHICKEN THIGHS (BETAGRO),,,,,,MISSING_UNIT
MES-02-04-007,MES-02-04-007,CHICKEN MEAT (BETAGRO),,,,,,MISSING_UNIT
MES-02-04-008,MES-02-04-008,RUMP CAP (B.C.BEEF),,,,,,MISSING_UNIT
MES-02-04-009,MES-02-04-009,ONGLEY อองเลย์ (B.C.BEEF),,,,,,MISSING_UNIT
MES-02-04-010,MES-02-04-010,MINCE (WORLD OF FOOD),,,,,,MISSING_UNIT
MES-02-04-011,MES-02-04-011,CHICKEN BREAST อกไก่ (FOODWAY),,,,,,MISSING_UNIT
MES-02-04-012,MES-02-04-012,CHICKEN THIGHS สะโพกไก่ (FOODWAY),,,,,,MISSING_UNIT
MES-02-04-013,MES-02-04-013,CHICKEN HAM/KG (FIYING BOARD),,,,,,MISSING_UNIT
MES-02-04-014,MES-02-04-014,MES-CHICKEN (OTHER),,,,,,MISSING_UNIT
MES-02-05-001,MES-02-05-001,EGG (SRIMUMMANG),,,,,,MISSING_UNIT
MES-02-06-001,MES-02-06-001,MORTADELLA-ODPI-MOR (OFFICINA DEL),,,,,,MISSING_UNIT
MES-02-07-001,MES-02-07-001,HERB CHIPOLATAS (FLYING BOARD),,,,,,MISSING_UNIT
MES-02-07-002,MES-02-07-002,TOULOUSE SAUSAGE (FLYING BOARD),,,,,,MISSING_UNIT
MES-02-08-001,MES-02-08-001,DUCK LIVER/FOIE GRAS WHOLE (PREMIUM FOOD),,,,,,MISSING_UNIT
MES-02-09-001,MES-02-09-001,TUNA CANNED (7/11),,,,,,MISSING_UNIT
MES-02-10-001,MES-02-10-001,HONEY HAM SMOKED  (B.C.BEEF),,,,,,MISSING_UNIT
MES-02-10-002,MES-02-10-002,BACON SMOKED  (B.C.BEEF),,,,,,MISSING_UNIT
MES-02-10-003,MES-02-10-003,SMOKED BELLY 1/2   (LES FARMIERS),,,,,,MISSING_UNIT
MES-02-10-004,MES-02-10-004,PORK NECK สันคอหมู (BETAGRO),,,,,,MISSING_UNIT
MES-02-10-005,MES-02-10-005,PORK HIP สะโพกหมู (BETAGRO),,,,,,MISSING_UNIT
MES-02-10-006,MES-02-10-006,SMOKED PORKCHOPS (B.C.BEEF),,,,,,MISSING_UNIT
MES-02-10-007,MES-02-10-007,BONE MARROW SMOKED (B.C.BEEF),,,,,,MISSING_UNIT
MES-02-10-008,MES-02-10-008,STREAKY PORK หมูสามชั้น (B.C.BEEF),,,,,,MISSING_UNIT
MES-02-10-009,MES-02-10-009,LAMB SADDLE 3' KINROSS STATION  (PREMIUM FOOD),,,,,,MISSING_UNIT
MES-02-10-010,MES-02-10-010,PORK RACK LBERICO EL DESCANSILLO  (PREMIUM FOOD),,,,,,MISSING_UNIT
MES-02-10-011,MES-02-10-011,LAMB STRIPLOIN CAP ON MW VAC  (PREMIUM FOOD),,,,,,MISSING_UNIT
MES-02-11-001,MES-02-11-001,SMOKED SALMON NORWAL SLICED (BLACK SALMON),,,,,,MISSING_UNIT
MES-02-11-002,MES-02-11-002,FRESH ATLANTIC WHOLE SALMON (SIAM FOOD),,,,,,MISSING_UNIT
MES-02-12-001,MES-02-12-001,PARIS HAM PRINCE DE PARIS (LES FARMIERS),,,,,,MISSING_UNIT
MES-02-12-002,MES-02-12-002,PARIS HAM (COPADELI),,,,,,MISSING_UNIT
MES-02-13-001,MES-02-13-001,MAKURO ITOKEZURI 40G ปลาโอแห้ง  (FOOD PROJECT),,,,,,MISSING_UNIT
MES-02-14-001,MES-02-14-001,ALIVE SHRIMP 51-60/500g  (FOOD PROJECT),,,,,,MISSING_UNIT
MES-02-15-001,MES-02-15-001,MEAT-SEAFOOD-(OTHER),,,,,,MISSING_UNIT
CHS-02-01-001,CHS-02-01-001,GRANA PADANO DOP WHOLE 16M (PREMIUM FOOD),,,,,,MISSING_UNIT
CHS-02-01-002,CHS-02-01-002,GRANA PADANO (OFFICINA DEL),,,,,,MISSING_UNIT
CHS-02-01-003,CHS-02-01-003,PARMESAN CHEESE 20M MIC  (OFFICINA DEL),,,,,,MISSING_UNIT
CHS-02-01-004,CHS-02-01-004,LATTERIA SORESINA GRANA PADANO  (GLOBAL FOOD),,,,,,MISSING_UNIT
CHS-02-01-005,CHS-02-01-005,PECORINO ROMANO DOP  (OFFICINA DEL),,,,,,MISSING_UNIT
CHS-02-01-006,CHS-02-01-006,CHEESE AFFUMICATA  (OFFICINA DEL),,,,,,MISSING_UNIT
CHS-02-01-007,CHS-02-01-007,CHEESE GUA  (OFFICINA DEL),,,,,,MISSING_UNIT
CHS-02-01-008,CHS-02-01-008,COMTE CHEESE AOP10-5/7MONTHS (LES FARMIERS),,,,,,MISSING_UNIT
CHS-02-01-009,CHS-02-01-009,COMTE CHEESE AOP 12M  (FARANG FOOD),,,,,,MISSING_UNIT
CHS-02-01-010,CHS-02-01-010,COMTE EXTRY  6/9 MONTHS (PREMIUM FOOD),,,,,,MISSING_UNIT
CHS-02-02-001,CHS-02-02-001,FIORDILATTE CHEESE ( I LOPAN),,,,,,MISSING_UNIT
CHS-02-03-001,CHS-02-03-001,MOZZARELLA FLORDILATTE  (OFFICINA DEL),,,,,,MISSING_UNIT
CHS-02-03-002,CHS-02-03-002,MOZZARELLA CHEESE 2/KG  (LES FARMIERS),,,,,,MISSING_UNIT
CHS-02-04-001,CHS-02-04-001,BUTTER BAL UNSALTED (FOOD PROJECT),,,,,,MISSING_UNIT
CHS-02-04-002,CHS-02-04-002,BUTTER BAL SALTED (FOOD PROJECT),,,,,,MISSING_UNIT
CHS-02-04-003,CHS-02-04-003,BELGIAN UNSALTED BUTTER82%(FARANG FOOD),,,,,,MISSING_UNIT
CHS-02-05-001,CHS-02-05-001,NORMANDY ALL PURPOSE CREAM35% (FARANG FOOD),,,,,,MISSING_UNIT
CHS-02-05-002,CHS-02-05-002,UHT WHIPPING&COOKING 26% (FARANG FOOD),,,,,,MISSING_UNIT
CHS-02-05-003,CHS-02-05-003,PAULS CULINARY CREAM 1L*12(GLOBAL FOOD),,,,,,MISSING_UNIT
CHS-02-05-004,CHS-02-05-004,PAULS THICKENED CREAM UHT 1L*12(GLOBAL FOOD),,,,,,MISSING_UNIT
CHS-02-06-001,CHS-02-06-001,LIEVITO SECCO CAN 100GR  (OFFICINA DEL),,,,,,MISSING_UNIT
CHS-02-07-001,CHS-02-07-001,MASCARPONE ESPRESSO CUP12x226G (FOODGALLERY),,,,,,MISSING_UNIT
CHS-02-08-001,CHS-02-08-001,CHEESE & BUTTER-(OTHER),,,,,,MISSING_UNIT
CKO-02-01-001,CKO-02-01-001,EXTER VIRGIN OIL&SANSA OIL (FARANG FOOD),,,,,,MISSING_UNIT
CKO-02-02-002,CKO-02-02-002,EXTER VIRGIN OIL  (FARANG FOOD),,,,,,MISSING_UNIT
CKO-02-03-001,CKO-02-03-001,TRUFFLE OIL 250ml  (LES FARMIERS),,,,,,MISSING_UNIT
CKO-02-02-004,CKO-02-02-004,EXTER VIRGIN OIL&SUNFLOWER OIL (FARANG FOOD),,,,,,MISSING_UNIT
SEAS-02-01-001,SEAS-02-01-001,SALT PURE SEA FLAKES BUCKET (PREMIUM FOOD),,,,,,MISSING_UNIT
SEAS-02-02-001,SEAS-02-02-001,SALT PRUNG THIP (MK),,,,,,MISSING_UNIT
SEAS-02-03-001,SEAS-02-03-001,PEPPER WHITE (MK),,,,,,MISSING_UNIT
SEAS-02-04-001,SEAS-02-04-001,RED WINE VINEGAR 5/L (FARANG FOOD),,,,,,MISSING_UNIT
SEAS-02-04-002,SEAS-02-04-002,RONCO VINO ROSSO/RED 2LT (OFFICINA DEL),,,,,,MISSING_UNIT
SEAS-02-04-003,SEAS-02-04-003,VINEGAR SHERRY VINAIGRE DE JEREZ (PREMIUM FOOD),,,,,,MISSING_UNIT
SEAS-02-04-004,SEAS-02-04-004,APPELLATION CONBROLEE,,,,,,MISSING_UNIT
SEAS-02-04-005,SEAS-02-04-005,FINE RULOY (BOXT),,,,,,MISSING_UNIT
SEAS-02-04-006,SEAS-02-04-006,BARBETTO,,,,,,MISSING_UNIT
SEAS-02-04-007,SEAS-02-04-007,PORTO MARGUEZ,,,,,,MISSING_UNIT
SEAS-02-04-008,SEAS-02-04-008,BANDICOOT ESTATE,,,,,,MISSING_UNIT
SEAS-02-04-009,SEAS-02-04-009,COCKBURN'S FINE RUBY (VILLA),,,,,,MISSING_UNIT
SEAS-02-04-010,SEAS-02-04-010,CHATEAU LATAPIE,,,,,,MISSING_UNIT
SEAS-02-04-011,SEAS-02-04-011,COOKBURNS (PORT),,,,,,MISSING_UNIT
SEAS-02-04-012,SEAS-02-04-012,BADIA AL COLLE,,,,,,MISSING_UNIT
SEAS-02-04-013,SEAS-02-04-013,CHATEAL LATAPLE RESERUE,,,,,,MISSING_UNIT
SEAS-02-04-014,SEAS-02-04-014,VINEGER CHARDONNAY (PREMIUM FOOD),,,,,,MISSING_UNIT
SEAS-02-04-015,SEAS-02-04-015,VINEGER CABERNET SAUVIGNON 250ml (PREMIUM FOOD),,,,,,MISSING_UNIT
SEAS-02-04-016,SEAS-02-04-016,THE PALACE BLEND WHITE BT 250mL (CTI FOOD),,,,,,MISSING_UNIT
SEAS-02-04-017,SEAS-02-04-017,SUBLIME BLEND BLACK Bt 250ML (CTI FOOD),,,,,,MISSING_UNIT
SEAS-02-04-018,SEAS-02-04-018,VINEGAR BALSAMIC OF MODENA IGP (PREMIUM FOOD),,,,,,MISSING_UNIT
SEAS-02-04-019,SEAS-02-04-019,TEMPRANILLO GARNACHA VINOTINTO 3L (IDEAL),,,,,,MISSING_UNIT
SEAS-02-04-020,SEAS-02-04-020,AIREN VINO BLANCO 3L (IDEAL),,,,,,MISSING_UNIT
SEAS-02-05-001,SEAS-02-05-001,PEPPER BLACK (MK),,,,,,MISSING_UNIT
SEAS-02-06-001,SEAS-02-06-001,FARMHOUSE BREADCRUMBS(MK),,,,,,MISSING_UNIT
SEAS-02-06-002,SEAS-02-06-002,LOBO BREADCRUMBS(MK),,,,,,MISSING_UNIT
SEAS-02-07-001,SEAS-02-07-001,PURE SUGAR (MK),,,,,,MISSING_UNIT
SEAS-02-07-002,SEAS-02-07-002,SUGAR ICING 900G (MK),,,,,,MISSING_UNIT
SEAS-02-07-003,SEAS-02-07-003,BROWN SUGAR (MK),,,,,,MISSING_UNIT
SEAS-02-08-001,SEAS-02-08-001,HONEY DOIKHAM (MK),,,,,,MISSING_UNIT
SEAS-02-09-001,SEAS-02-09-001,MUTTI DOUBLE CONCENTRATED TOMATO PASTE(MK),,,,,,MISSING_UNIT
SEAS-02-10-001,SEAS-02-10-001,BAKING SODA (MK),,,,,,MISSING_UNIT
SEAS-02-11-001,SEAS-02-11-001,WHOLE ALMOND WITH SKIN/KG  (FARANG FOOD),,,,,,MISSING_UNIT
SEAS-02-12-001,SEAS-02-12-001,BALSAMIC VINEGAR AGED'ANTICHI COLLI'500ML (FARANG FOOD),,,,,,MISSING_UNIT
SEAS-02-12-002,SEAS-02-12-002,BALSMICO DI MODENA VINEGAR 5L (EAST WEST TRADING),,,,,,MISSING_UNIT
SEAS-02-13-001,SEAS-02-13-001,LA MARNE DI JON MUSTARD 1KG (EAST WEST TRADING),,,,,,MISSING_UNIT
SEAS-02-13-002,SEAS-02-13-002,LA MARNE WHOLE GRAIN MUSTARD 1KG (EAST WEST TRADING),,,,,,MISSING_UNIT
SEAS-02-13-003,SEAS-02-13-003,MUSTARD BLACK 200G (MK),,,,,,MISSING_UNIT
SEAS-02-13-004,SEAS-02-13-004,MUSTARD YELLOW 200G (MK),,,,,,MISSING_UNIT
SEAS-02-13-005,SEAS-02-13-005,SAVORA MUSTARD 385g  (LES FARMIERS),,,,,,MISSING_UNIT
SEAS-02-14-001,SEAS-02-14-001,MUTTI POLPA FINELY CHOPPED TOMATO (MK),,,,,,MISSING_UNIT
SEAS-02-15-001,SEAS-02-15-001,RAI THIP GROUND GARDENCHILI (MK),,,,,,MISSING_UNIT
SEAS-02-16-001,SEAS-02-16-001,CINNAMON 200G (MK),,,,,,MISSING_UNIT
SEAS-02-17-001,SEAS-02-17-001,STAR ANISE โป๊ยกั๊ก (MK),,,,,,MISSING_UNIT
SEAS-02-18-001,SEAS-02-18-001,KAO KEE เก๋า กี๋ (MK),,,,,,MISSING_UNIT
SEAS-02-19-001,SEAS-02-19-001,PAPRIKA HAND BRAND (MK),,,,,,MISSING_UNIT
SEAS-02-20-001,SEAS-02-20-001,TURMERIC POWDER ขมิ้นผง 200G (MK),,,,,,MISSING_UNIT
SEAS-02-20-002,SEAS-02-20-002,TURMERIC POWDER (FARANG FOOD),,,,,,MISSING_UNIT
SEAS-02-21-001,SEAS-02-21-001,CARDAMON ลูกกระวาน 100G (MK),,,,,,MISSING_UNIT
SEAS-02-22-001,SEAS-02-22-001,LIQUORICE ขมิ้นแผ่น 100 กรัม (MK),,,,,,MISSING_UNIT
SEAS-02-23-001,SEAS-02-23-001,DEE PLY ดีปลี 250G (MK),,,,,,MISSING_UNIT
SEAS-02-24-001,SEAS-02-24-001,PADDY CANDLE เทียนข้าวเปลือก อินเดีย200G (MK),,,,,,MISSING_UNIT
SEAS-02-25-001,SEAS-02-25-001,CUMIN SEEDS เม็ดยี่หร่า 250G (MK),,,,,,MISSING_UNIT
SEAS-02-26-001,SEAS-02-26-001,LUK CHAN 250G (MK),,,,,,MISSING_UNIT
SEAS-02-27-001,SEAS-02-27-001,SODA POWDER MCGARRETT 300G (MK),,,,,,MISSING_UNIT
SEAS-02-28-001,SEAS-02-28-001,BAKING POWDER 1KG (MK),,,,,,MISSING_UNIT
SEAS-02-29-001,SEAS-02-29-001,MALA SEEDS 50G (MK),,,,,,MISSING_UNIT
SEAS-02-30-001,SEAS-02-30-001,MILK CHOCOLATE COUVERTURE (FARANG FOOD),,,,,,MISSING_UNIT
SEAS-02-31-001,SEAS-02-31-001,DRY CHICKPEAS 7-8MM (PREMIUM FOOD),,,,,,MISSING_UNIT
SEAS-02-32-001,SEAS-02-32-001,MAR MISO JAPANESE 1KG เต้าเจี้ยว  (FOOD PROJECT),,,,,,MISSING_UNIT
SEAS-02-33-001,SEAS-02-33-001,WILDAIP MOON WATER 6x1.OL (FOODGALLERY),,,,,,MISSING_UNIT
SEAS-02-33-002,SEAS-02-33-002,WILDAIP NATURAL SPRING WATER 6x1.OL (FOODGALLERY),,,,,,MISSING_UNIT
SEAS-02-34-001,SEAS-02-34-001,SEASONING-(OTHER),,,,,,MISSING_UNIT
PZS-02-01-001,PZS-02-01-001,CIRIO PEELED TOMATOES (EAST WEST),,,,,,MISSING_UNIT
PZS-02-01-002,PZS-02-01-002,CIRIO CRUSHED TOMATOES (EAST WEST),,,,,,MISSING_UNIT
RIC-02-01-001,RIC-02-01-001,CARNAROLI RICE (PREMIUM FOOD),,,,,,MISSING_UNIT
RIC-02-01-002,RIC-02-01-002,RISO GRAZIA CARNAROLI (I DEAL ),,,,,,MISSING_UNIT
RIC-02-01-003,RIC-02-01-003,CARNAROLI INVECCHATO RISO SCOTTI (JAGOTA),,,,,,MISSING_UNIT
FLO-02-01-001,FLO-02-01-001,PIZZAERIA PIZZA FLOUR 25KG (EAST WEST),,,,,,MISSING_UNIT
FLO-02-01-002,FLO-02-01-002,SEMOLA RIMACINATA 5KG (EAST WEST),,,,,,MISSING_UNIT
FLO-02-01-003,FLO-02-01-003,FARINA ORO TIPO 10KG (OFFICINA DEL),,,,,,MISSING_UNIT
FLO-02-01-004,FLO-02-01-004,FARINA NAPOLETANA TIPO 25KG   (OFFICINA DEL),,,,,,MISSING_UNIT
FLO-02-01-005,FLO-02-01-005,KNORR CORN FLOUR (MK),,,,,,MISSING_UNIT
FLO-02-01-006,FLO-02-01-006,ALL PURPOSE FLOUR UFM 1KG (MK),,,,,,MISSING_UNIT
FLO-02-01-007,FLO-02-01-007,DOUGH PUFF 3KG (BREAD CONNECTION),,,,,,MISSING_UNIT
FLO-02-02-001,FLO-02-02-001,FRENCH WHEAT FLOUR TRADITION (FARANG FOOD),,,,,,MISSING_UNIT
CG-02-01-001,CG-02-01-001,PEAS EXTER FINE FROZEN 1KG/BAG  (PREMIUM FOOD),,,,,,MISSING_UNIT
CG-02-01-002,CG-02-01-002,TALLEY'S GARDEN PEAS (GLOBAL FOOD),,,,,,MISSING_UNIT
CG-02-02-001,CG-02-02-001,CAPERS BIG OIMEDA 370/G  (PREMIUM FOOD),,,,,,MISSING_UNIT
CG-02-02-002,CG-02-02-002,CAPERBERRIES MEDIUM''LUXEAPERS'' (PREMIUM FOOD),,,,,,MISSING_UNIT
CG-02-02-003,CG-02-02-003,"NONPEREILLES CAPERS ""LUXEAPERS"" 900G (FARANG FOOD)",,,,,,MISSING_UNIT
CG-02-02-004,CG-02-02-004,FRUTTI DAL CAPPERO 790 G (FOOD WAY),,,,,,MISSING_UNIT
CG-02-03-001,CG-02-03-001,PITTED BLACK OLIVES TAGGIASCA 900g (PREMIUM FOOD),,,,,,MISSING_UNIT
CG-02-04-001,CG-02-04-001,PINE NUTS/KG  (FARANG FOOD),,,,,,MISSING_UNIT
CG-02-04-002,CG-02-04-002,GREEN PISTACHIO NUTS/KG   (FARANG FOOD),,,,,,MISSING_UNIT
CG-02-05-001,CG-02-05-001,BLACK TRUFFLE OLI/250ML (FARANG FOOD),,,,,,MISSING_UNIT
CG-02-05-002,CG-02-05-002,WHITE TRUFFLE OLI/250ML (FARANG FOOD),,,,,,MISSING_UNIT
CG-02-05-003,CG-02-05-003,TARTI TRUFFLE ALENA 225G (LES FARMIERS),,,,,,MISSING_UNIT
CG-02-05-004,CG-02-05-004,TRUFFLE PASTE SAISA CON TARTUFO (FOODGALLERY),,,,,,MISSING_UNIT